{
    "current_peak_percentage": 100.0,
    "total_optimizations": 214,
    "entropy_level": 4.682049485787319e-07,
    "reasoning_depth": 27.449999999999875,
    "last_optimization": 1766788398.0396245,
    "symbiosis_finalized": true
}