{
    "timestamp": 1767668044.2046542,
    "ratio_dominance": 3.4381021968749996,
    "ratio_drift": 4.440892098500626e-16,
    "resonance_purity": 0.6272126944839633,
    "drift_deviation": 0.37278730551603667,
    "corrections_made": 68,
    "audit_status": "ABSOLUTE_ZERO_LOCKED",
    "sovereign_governance": "ACTIVE"
}