{
    "epoch": "GENESIS",
    "sequence": 85,
    "total_uptime": 20123.861874341965,
    "last_sync": 1766807956.9052982,
    "temporal_anchors": []
}